Date,U.S. Natural Gas Total Consumption (MMcf),U.S. Natural Gas Lease and Plant Fuel Consumption (MMcf),U.S. Natural Gas Pipeline & Distribution Use (MMcf),Natural Gas Delivered to Consumers in the U.S. (MMcf),U.S. Natural Gas Residential Consumption (MMcf),Natural Gas Deliveries to Commercial Consumers (Including Vehicle Fuel through 1996) in the U.S. (MMcf),U.S. Natural Gas Industrial Consumption (MMcf),U.S. Natural Gas Vehicle Fuel Consumption (MMcf),U.S. Natural Gas Deliveries to Electric Power Consumers (MMcf),Month,exported_MMCF,percent_residential,percent_industrial,percent_exported
1973-01-15T00:00:00Z,,,,,843900,392315,,,,Jan 1973,5808,,,
1973-02-15T00:00:00Z,,,,,747331,394281,,,,Feb 1973,6079,,,
1973-03-15T00:00:00Z,,,,,648504,310799,,,,Mar 1973,4021,,,
1973-04-15T00:00:00Z,,,,,465867,231943,,,,Apr 1973,8017,,,
1973-05-15T00:00:00Z,,,,,326313,174258,,,,May 1973,8741,,,
1973-06-15T00:00:00Z,,,,,207172,135165,,,,Jun 1973,4131,,,
1973-07-15T00:00:00Z,,,,,150349,107728,,,,Jul 1973,5744,,,
1973-08-15T00:00:00Z,,,,,142498,105681,,,,Aug 1973,8726,,,
1973-09-15T00:00:00Z,,,,,159378,103831,,,,Sep 1973,6403,,,
1973-10-15T00:00:00Z,,,,,205013,126540,,,,Oct 1973,5473,,,
1973-11-15T00:00:00Z,,,,,392459,216762,,,,Nov 1973,5545,,,
1973-12-15T00:00:00Z,,,,,590602,297734,,,,Dec 1973,8481,,,
1974-01-15T00:00:00Z,,,,,816943,406440,,,,Jan 1974,5661,,,
1974-02-15T00:00:00Z,,,,,688478,335562,,,,Feb 1974,5949,,,
1974-03-15T00:00:00Z,,,,,597641,301588,,,,Mar 1974,6677,,,
1974-04-15T00:00:00Z,,,,,482013,243041,,,,Apr 1974,6273,,,
1974-05-15T00:00:00Z,,,,,315920,165233,,,,May 1974,5481,,,
1974-06-15T00:00:00Z,,,,,215382,128032,,,,Jun 1974,7610,,,
1974-07-15T00:00:00Z,,,,,166289,109694,,,,Jul 1974,8072,,,
1974-08-15T00:00:00Z,,,,,142086,107828,,,,Aug 1974,5332,,,
1974-09-15T00:00:00Z,,,,,154824,106510,,,,Sep 1974,6397,,,
1974-10-15T00:00:00Z,,,,,235176,143295,,,,Oct 1974,5332,,,
1974-11-15T00:00:00Z,,,,,358546,199514,,,,Nov 1974,7039,,,
1974-12-15T00:00:00Z,,,,,612830,308879,,,,Dec 1974,6966,,,
1975-01-15T00:00:00Z,,,,,750713,346998,,,,Jan 1975,3959,,,
1975-02-15T00:00:00Z,,,,,732408,345520,,,,Feb 1975,6982,,,
1975-03-15T00:00:00Z,,,,,677687,312362,,,,Mar 1975,6265,,,
1975-04-15T00:00:00Z,,,,,596831,289341,,,,Apr 1975,5815,,,
1975-05-15T00:00:00Z,,,,,337326,164629,,,,May 1975,6677,,,
1975-06-15T00:00:00Z,,,,,203708,119960,,,,Jun 1975,3624,,,
1975-07-15T00:00:00Z,,,,,167293,107077,,,,Jul 1975,8091,,,
1975-08-15T00:00:00Z,,,,,143604,104332,,,,Aug 1975,6288,,,
1975-09-15T00:00:00Z,,,,,153980,106655,,,,Sep 1975,6037,,,
1975-10-15T00:00:00Z,,,,,223383,133055,,,,Oct 1975,5987,,,
1975-11-15T00:00:00Z,,,,,329397,179518,,,,Nov 1975,5202,,,
1975-12-15T00:00:00Z,,,,,607794,298845,,,,Dec 1975,7748,,,
1976-01-15T00:00:00Z,,,,,843235,405483,,,,Jan 1976,5323,,,
1976-02-15T00:00:00Z,,,,,739592,364339,,,,Feb 1976,5337,,,
1976-03-15T00:00:00Z,,,,,578491,285912,,,,Mar 1976,6007,,,
1976-04-15T00:00:00Z,,,,,442648,221383,,,,Apr 1976,5640,,,
1976-05-15T00:00:00Z,,,,,315760,169209,,,,May 1976,4664,,,
1976-06-15T00:00:00Z,,,,,220871,129058,,,,Jun 1976,4755,,,
1976-07-15T00:00:00Z,,,,,170257,112070,,,,Jul 1976,5997,,,
1976-08-15T00:00:00Z,,,,,140774,113174,,,,Aug 1976,5578,,,
1976-09-15T00:00:00Z,,,,,152346,113284,,,,Sep 1976,6540,,,
1976-10-15T00:00:00Z,,,,,241902,145824,,,,Oct 1976,4870,,,
1976-11-15T00:00:00Z,,,,,471326,252710,,,,Nov 1976,5163,,,
1976-12-15T00:00:00Z,,,,,734158,355294,,,,Dec 1976,4837,,,
1977-01-15T00:00:00Z,,,,,936793,413377,,,,Jan 1977,4785,,,
1977-02-15T00:00:00Z,,,,,823439,366311,,,,Feb 1977,4574,,,
1977-03-15T00:00:00Z,,,,,560779,263862,,,,Mar 1977,4289,,,
1977-04-15T00:00:00Z,,,,,401258,202477,,,,Apr 1977,3188,,,
1977-05-15T00:00:00Z,,,,,251756,142460,,,,May 1977,3158,,,
1977-06-15T00:00:00Z,,,,,182212,121297,,,,Jun 1977,4600,,,
1977-07-15T00:00:00Z,,,,,146064,113400,,,,Jul 1977,7016,,,
1977-08-15T00:00:00Z,,,,,131330,108977,,,,Aug 1977,5141,,,
1977-09-15T00:00:00Z,,,,,140661,108977,,,,Sep 1977,4621,,,
1977-10-15T00:00:00Z,,,,,223663,139407,,,,Oct 1977,4622,,,
1977-11-15T00:00:00Z,,,,,371888,200897,,,,Nov 1977,4735,,,
1977-12-15T00:00:00Z,,,,,651640,319351,,,,Dec 1977,4896,,,
1978-01-15T00:00:00Z,,,,,816411,390741,,,,Jan 1978,5005,,,
1978-02-15T00:00:00Z,,,,,837768,400991,,,,Feb 1978,4908,,,
1978-03-15T00:00:00Z,,,,,680825,345141,,,,Mar 1978,4775,,,
1978-04-15T00:00:00Z,,,,,445702,224969,,,,Apr 1978,3182,,,
1978-05-15T00:00:00Z,,,,,307604,166190,,,,May 1978,4615,,,
1978-06-15T00:00:00Z,,,,,184388,119963,,,,Jun 1978,4592,,,
1978-07-15T00:00:00Z,,,,,146989,106471,,,,Jul 1978,4616,,,
1978-08-15T00:00:00Z,,,,,130270,100928,,,,Aug 1978,4615,,,
1978-09-15T00:00:00Z,,,,,135489,102915,,,,Sep 1978,6097,,,
1978-10-15T00:00:00Z,,,,,209515,133873,,,,Oct 1978,3236,,,
1978-11-15T00:00:00Z,,,,,376411,196207,,,,Nov 1978,3307,,,
1978-12-15T00:00:00Z,,,,,631636,312718,,,,Dec 1978,3584,,,
1979-01-15T00:00:00Z,,,,,867301,431943,,,,Jan 1979,6589,,,
1979-02-15T00:00:00Z,,,,,892145,444867,,,,Feb 1979,4899,,,
1979-03-15T00:00:00Z,,,,,659720,349164,,,,Mar 1979,4789,,,
1979-04-15T00:00:00Z,,,,,463492,256024,,,,Apr 1979,4664,,,
1979-05-15T00:00:00Z,,,,,287548,170571,,,,May 1979,4652,,,
1979-06-15T00:00:00Z,,,,,189143,126564,,,,Jun 1979,4610,,,
1979-07-15T00:00:00Z,,,,,147607,106844,,,,Jul 1979,6075,,,
1979-08-15T00:00:00Z,,,,,133244,103167,,,,Aug 1979,4628,,,
1979-09-15T00:00:00Z,,,,,137611,106175,,,,Sep 1979,4645,,,
1979-10-15T00:00:00Z,,,,,215151,142161,,,,Oct 1979,3180,,,
1979-11-15T00:00:00Z,,,,,378577,222712,,,,Nov 1979,3395,,,
1979-12-15T00:00:00Z,,,,,593825,325768,,,,Dec 1979,3548,,,
1980-01-15T00:00:00Z,,93000,,,722000,356000,,,,Jan 1980,6444,,,
1980-02-15T00:00:00Z,,87000,,,774000,380000,,,,Feb 1980,4857,,,
1980-03-15T00:00:00Z,,93000,,,673000,344000,,,,Mar 1980,4799,,,
1980-04-15T00:00:00Z,,85000,,,451000,239000,,,,Apr 1980,3245,,,
1980-05-15T00:00:00Z,,86000,,,279000,155000,,,,May 1980,3144,,,
1980-06-15T00:00:00Z,,81000,,,191000,123000,,,,Jun 1980,3147,,,
1980-07-15T00:00:00Z,,82000,,,145000,103000,,,,Jul 1980,2585,,,
1980-08-15T00:00:00Z,,80000,,,129000,101000,,,,Aug 1980,2598,,,
1980-09-15T00:00:00Z,,80000,,,135000,106000,,,,Sep 1980,5051,,,
1980-10-15T00:00:00Z,,84000,,,214000,140000,,,,Oct 1980,4546,,,
1980-11-15T00:00:00Z,,84000,,,392000,224000,,,,Nov 1980,3500,,,
1980-12-15T00:00:00Z,,91000,,,646000,340000,,,,Dec 1980,4818,,,
1981-01-15T00:00:00Z,,81000,,,831000,406000,,,,Jan 1981,5468,,,
1981-02-15T00:00:00Z,,73000,,,740000,355000,,,,Feb 1981,4696,,,
1981-03-15T00:00:00Z,,81000,,,585000,304000,,,,Mar 1981,5320,,,
1981-04-15T00:00:00Z,,78000,,,372000,204000,,,,Apr 1981,4539,,,
1981-05-15T00:00:00Z,,79000,,,260000,151000,,,,May 1981,3524,,,
1981-06-15T00:00:00Z,,76000,,,168000,116000,,,,Jun 1981,4953,,,
1981-07-15T00:00:00Z,,77000,,,136000,99000,,,,Jul 1981,5336,,,
1981-08-15T00:00:00Z,,79000,,,123000,107000,,,,Aug 1981,4975,,,
1981-09-15T00:00:00Z,,73000,,,133000,107000,,,,Sep 1981,5776,,,
1981-10-15T00:00:00Z,,76000,,,232000,148000,,,,Oct 1981,5108,,,
1981-11-15T00:00:00Z,,74000,,,364000,205000,,,,Nov 1981,5140,,,
1981-12-15T00:00:00Z,,80000,,,601000,318000,,,,Dec 1981,4539,,,
1982-01-15T00:00:00Z,,104000,,,866000,443000,,,,Jan 1982,3173,,,
1982-02-15T00:00:00Z,,95000,,,786000,404000,,,,Feb 1982,4563,,,
1982-03-15T00:00:00Z,,1e+05,,,602000,321000,,,,Mar 1982,4599,,,
1982-04-15T00:00:00Z,,95000,,,451000,236000,,,,Apr 1982,1614,,,
1982-05-15T00:00:00Z,,93000,,,233000,139000,,,,May 1982,3074,,,
1982-06-15T00:00:00Z,,90000,,,165000,107000,,,,Jun 1982,5981,,,
1982-07-15T00:00:00Z,,91000,,,138000,101000,,,,Jul 1982,4540,,,
1982-08-15T00:00:00Z,,89000,,,123000,105000,,,,Aug 1982,5983,,,
1982-09-15T00:00:00Z,,86000,,,136000,105000,,,,Sep 1982,4515,,,
1982-10-15T00:00:00Z,,87000,,,204000,130000,,,,Oct 1982,4530,,,
1982-11-15T00:00:00Z,,88000,,,372000,217000,,,,Nov 1982,4580,,,
1982-12-15T00:00:00Z,,90000,,,557000,298000,,,,Dec 1982,4575,,,
1983-01-15T00:00:00Z,,92648,,,849621,418467,,,,Jan 1983,4590,,,
1983-02-15T00:00:00Z,,79931,,,671628,340171,,,,Feb 1983,4572,,,
1983-03-15T00:00:00Z,,82656,,,580985,298259,,,,Mar 1983,4585,,,
1983-04-15T00:00:00Z,,80840,,,444247,233811,,,,Apr 1983,4559,,,
1983-05-15T00:00:00Z,,80840,,,276395,154185,,,,May 1983,4583,,,
1983-06-15T00:00:00Z,,78115,,,164337,105380,,,,Jun 1983,3075,,,
1983-07-15T00:00:00Z,,80840,,,124457,94574,,,,Jul 1983,4548,,,
1983-08-15T00:00:00Z,,79931,,,114458,95494,,,,Aug 1983,6031,,,
1983-09-15T00:00:00Z,,76298,,,122538,98798,,,,Sep 1983,4482,,,
1983-10-15T00:00:00Z,,79931,,,175875,124366,,,,Oct 1983,4449,,,
1983-11-15T00:00:00Z,,79931,,,310895,185922,,,,Nov 1983,4567,,,
1983-12-15T00:00:00Z,,86289,,,545164,283120,,,,Dec 1983,4597,,,
1984-01-15T00:00:00Z,,101989,,,886307,436748,,,,Jan 1984,4585,,,
1984-02-15T00:00:00Z,,87990,,,699925,354468,,,,Feb 1984,4557,,,
1984-03-15T00:00:00Z,,90990,,,605372,310657,,,,Mar 1984,5998,,,
1984-04-15T00:00:00Z,,88990,,,462950,243353,,,,Apr 1984,4539,,,
1984-05-15T00:00:00Z,,88990,,,286928,159502,,,,May 1984,4559,,,
1984-06-15T00:00:00Z,,85990,,,169942,108290,,,,Jun 1984,3047,,,
1984-07-15T00:00:00Z,,88990,,,128314,96951,,,,Jul 1984,4542,,,
1984-08-15T00:00:00Z,,87990,,,118045,98111,,,,Aug 1984,4573,,,
1984-09-15T00:00:00Z,,83991,,,126625,101386,,,,Sep 1984,4549,,,
1984-10-15T00:00:00Z,,87990,,,182438,127912,,,,Oct 1984,4584,,,
1984-11-15T00:00:00Z,,87990,,,322693,193132,,,,Nov 1984,4578,,,
1984-12-15T00:00:00Z,,94990,,,565927,293733,,,,Dec 1984,4642,,,
1985-01-15T00:00:00Z,,90910,,,743223,372046,,,,Jan 1985,4668,,,
1985-02-15T00:00:00Z,,83917,,,837245,411603,,,,Feb 1985,4607,,,
1985-03-15T00:00:00Z,,82918,,,566386,290467,,,,Mar 1985,6065,,,
1985-04-15T00:00:00Z,,78922,,,396625,205742,,,,Apr 1985,4624,,,
1985-05-15T00:00:00Z,,77923,,,212164,127540,,,,May 1985,1642,,,
1985-06-15T00:00:00Z,,74926,,,156549,99871,,,,Jun 1985,4578,,,
1985-07-15T00:00:00Z,,76924,,,129851,95738,,,,Jul 1985,6053,,,
1985-08-15T00:00:00Z,,76924,,,118932,93478,,,,Aug 1985,4585,,,
1985-09-15T00:00:00Z,,74926,,,129314,98139,,,,Sep 1985,4562,,,
1985-10-15T00:00:00Z,,77923,,,189799,124697,,,,Oct 1985,4590,,,
1985-11-15T00:00:00Z,,78922,,,306427,179784,,,,Nov 1985,4651,,,
1985-12-15T00:00:00Z,,90910,,,646863,333279,,,,Dec 1985,4644,,,
1986-01-15T00:00:00Z,,88954,,,790569,391955,,,,Jan 1986,4674,,,
1986-02-15T00:00:00Z,,76960,,,684541,344992,,,,Feb 1986,3174,,,
1986-03-15T00:00:00Z,,81958,,,579901,291178,,,,Mar 1986,5297,,,
1986-04-15T00:00:00Z,,72962,,,363277,189136,,,,Apr 1986,5826,,,
1986-05-15T00:00:00Z,,74961,,,236207,130876,,,,May 1986,3017,,,
1986-06-15T00:00:00Z,,70963,,,154889,98627,,,,Jun 1986,5980,,,
1986-07-15T00:00:00Z,,73962,,,126494,88824,,,,Jul 1986,5650,,,
1986-08-15T00:00:00Z,,73962,,,117487,88740,,,,Aug 1986,6125,,,
1986-09-15T00:00:00Z,,69964,,,130597,90880,,,,Sep 1986,4553,,,
1986-10-15T00:00:00Z,,73962,,,185265,115656,,,,Oct 1986,5453,,,
1986-11-15T00:00:00Z,,78959,,,345659,188912,,,,Nov 1986,5985,,,
1986-12-15T00:00:00Z,,84956,,,599085,298559,,,,Dec 1986,5537,,,
1987-01-15T00:00:00Z,,107628,,,741338,384495,,,,Jan 1987,5119,,,
1987-02-15T00:00:00Z,,96459,,,688699,363047,,,,Feb 1987,3431,,,
1987-03-15T00:00:00Z,,101536,,,575299,304877,,,,Mar 1987,4619,,,
1987-04-15T00:00:00Z,,95443,,,401848,214317,,,,Apr 1987,3153,,,
1987-05-15T00:00:00Z,,94428,,,222779,133011,,,,May 1987,3120,,,
1987-06-15T00:00:00Z,,90367,,,146812,97398,,,,Jun 1987,4570,,,
1987-07-15T00:00:00Z,,92397,,,125625,93805,,,,Jul 1987,4557,,,
1987-08-15T00:00:00Z,,94428,,,117471,90264,,,,Aug 1987,4557,,,
1987-09-15T00:00:00Z,,90367,,,126348,100591,,,,Sep 1987,4554,,,
1987-10-15T00:00:00Z,,95443,,,222825,141124,,,,Oct 1987,5233,,,
1987-11-15T00:00:00Z,,100520,,,354076,202137,,,,Nov 1987,6432,,,
1987-12-15T00:00:00Z,,90367,,,591715,304998,,,,Dec 1987,4674,,,
1988-01-15T00:00:00Z,,101989,,,852076,424341,,,,Jan 1988,4765,,,
1988-02-15T00:00:00Z,,92990,,,754526,391828,,,,Feb 1988,4650,,,
1988-03-15T00:00:00Z,,96990,,,596846,320198,,,,Mar 1988,6218,,,
1988-04-15T00:00:00Z,,87991,,,400177,223056,,,,Apr 1988,6354,,,
1988-05-15T00:00:00Z,,90990,,,257781,157765,,,,May 1988,3777,,,
1988-06-15T00:00:00Z,,85991,,,152204,117552,,,,Jun 1988,8469,,,
1988-07-15T00:00:00Z,,86991,,,122908,109305,,,,Jul 1988,4892,,,
1988-08-15T00:00:00Z,,87991,,,114411,113303,,,,Aug 1988,6008,,,
1988-09-15T00:00:00Z,,82991,,,124739,112517,,,,Sep 1988,7187,,,
1988-10-15T00:00:00Z,,90990,,,232157,155784,,,,Oct 1988,5497,,,
1988-11-15T00:00:00Z,,91990,,,391420,224664,,,,Nov 1988,6771,,,
1988-12-15T00:00:00Z,,97990,,,631086,320153,,,,Dec 1988,9050,,,
1989-01-15T00:00:00Z,,94991,,,751166,375898,,,,Jan 1989,6722,,,
1989-02-15T00:00:00Z,,87992,,,743050,379810,,,,Feb 1989,7253,,,
1989-03-15T00:00:00Z,,92991,,,645859,341517,,,,Mar 1989,11127,,,
1989-04-15T00:00:00Z,,87992,,,414487,233397,,,,Apr 1989,11137,,,
1989-05-15T00:00:00Z,,88992,,,256551,158788,,,,May 1989,8030,,,
1989-06-15T00:00:00Z,,85992,,,155449,120834,,,,Jun 1989,8943,,,
1989-07-15T00:00:00Z,,87992,,,128662,110171,,,,Jul 1989,8681,,,
1989-08-15T00:00:00Z,,86992,,,121009,110208,,,,Aug 1989,9148,,,
1989-09-15T00:00:00Z,,81992,,,139486,113108,,,,Sep 1989,8998,,,
1989-10-15T00:00:00Z,,86992,,,228672,152020,,,,Oct 1989,10453,,,
1989-11-15T00:00:00Z,,89992,,,405314,231274,,,,Nov 1989,7909,,,
1989-12-15T00:00:00Z,,96991,,,790934,390699,,,,Dec 1989,8471,,,
1990-01-15T00:00:00Z,,111693,,,788596,400003,,,,Jan 1990,13694,,,
1990-02-15T00:00:00Z,,99214,,,642665,335911,,,,Feb 1990,7641,,,
1990-03-15T00:00:00Z,,105906,,,551987,302022,,,,Mar 1990,11333,,,
1990-04-15T00:00:00Z,,100651,,,399624,236272,,,,Apr 1990,6155,,,
1990-05-15T00:00:00Z,,102105,,,248272,157645,,,,May 1990,5906,,,
1990-06-15T00:00:00Z,,98543,,,160823,124086,,,,Jun 1990,6209,,,
1990-07-15T00:00:00Z,,100824,,,126501,123219,,,,Jul 1990,4569,,,
1990-08-15T00:00:00Z,,101239,,,121276,115333,,,,Aug 1990,4536,,,
1990-09-15T00:00:00Z,,96983,,,132115,121352,,,,Sep 1990,6597,,,
1990-10-15T00:00:00Z,,105580,,,213538,151052,,,,Oct 1990,6275,,,
1990-11-15T00:00:00Z,,104916,,,375652,223632,,,,Nov 1990,5897,,,
1990-12-15T00:00:00Z,,108738,,,630275,332196,,,,Dec 1990,6753,,,
1991-01-15T00:00:00Z,,102082,,,843832,433714,,,,Jan 1991,9562,,,
1991-02-15T00:00:00Z,,90299,,,664218,358854,,,,Feb 1991,10566,,,
1991-03-15T00:00:00Z,,98018,,,573093,310496,,,,Mar 1991,10001,,,
1991-04-15T00:00:00Z,,93388,,,372922,225466,,,,Apr 1991,9039,,,
1991-05-15T00:00:00Z,,92740,,,228742,153549,,,,May 1991,7744,,,
1991-06-15T00:00:00Z,,88701,,,147839,118635,,,,Jun 1991,6706,,,
1991-07-15T00:00:00Z,,89912,,,126156,125161,,,,Jul 1991,7830,,,
1991-08-15T00:00:00Z,,90072,,,117851,112561,,,,Aug 1991,9526,,,
1991-09-15T00:00:00Z,,89133,,,137994,121019,,,,Sep 1991,10737,,,
1991-10-15T00:00:00Z,,96573,,,225108,163164,,,,Oct 1991,14393,,,
1991-11-15T00:00:00Z,,97063,,,459455,255612,,,,Nov 1991,15105,,,
1991-12-15T00:00:00Z,,101287,,,658449,350349,,,,Dec 1991,18036,,,
1992-01-15T00:00:00Z,,103579,,,785718,410424,,,,Jan 1992,16432,,,
1992-02-15T00:00:00Z,,92195,,,696082,365815,,,,Feb 1992,13986,,,
1992-03-15T00:00:00Z,,97047,,,573979,314629,,,,Mar 1992,22511,,,
1992-04-15T00:00:00Z,,95172,,,431401,250136,,,,Apr 1992,17754,,,
1992-05-15T00:00:00Z,,97425,,,251416,169759,,,,May 1992,19030,,,
1992-06-15T00:00:00Z,,95038,,,162378,124881,,,,Jun 1992,17812,,,
1992-07-15T00:00:00Z,,97586,,,131801,122339,,,,Jul 1992,15868,,,
1992-08-15T00:00:00Z,,95201,,,125580,121186,,,,Aug 1992,18229,,,
1992-09-15T00:00:00Z,,94431,,,137106,120899,,,,Sep 1992,18136,,,
1992-10-15T00:00:00Z,,100507,,,240662,166151,,,,Oct 1992,19272,,,
1992-11-15T00:00:00Z,,99122,,,436771,255758,,,,Nov 1992,18527,,,
1992-12-15T00:00:00Z,,103519,,,717170,380772,,,,Dec 1992,18724,,,
1993-01-15T00:00:00Z,,101491,,,830874,415438,,,,Jan 1993,16661,,,
1993-02-15T00:00:00Z,,91261,,,768365,403019,,,,Feb 1993,12323,,,
1993-03-15T00:00:00Z,,100277,,,703183,370788,,,,Mar 1993,16229,,,
1993-04-15T00:00:00Z,,95107,,,449738,254393,,,,Apr 1993,11287,,,
1993-05-15T00:00:00Z,,96856,,,232154,152402,,,,May 1993,11324,,,
1993-06-15T00:00:00Z,,92938,,,163642,123135,,,,Jun 1993,10554,,,
1993-07-15T00:00:00Z,,95468,,,129719,119050,,,,Jul 1993,12691,,,
1993-08-15T00:00:00Z,,96583,,,120331,111340,,,,Aug 1993,10623,,,
1993-09-15T00:00:00Z,,94613,,,141580,119631,,,,Sep 1993,9919,,,
1993-10-15T00:00:00Z,,100375,,,254494,168895,,,,Oct 1993,8646,,,
1993-11-15T00:00:00Z,,100979,,,457330,260158,,,,Nov 1993,9526,,,
1993-12-15T00:00:00Z,,105992,,,705034,363319,,,,Dec 1993,10399,,,
1994-01-15T00:00:00Z,,96391,,,952520,475911,,,,Jan 1994,11097,,,
1994-02-15T00:00:00Z,,86464,,,841815,435978,,,,Feb 1994,12898,,,
1994-03-15T00:00:00Z,,96684,,,630616,348766,,,,Mar 1994,19156,,,
1994-04-15T00:00:00Z,,91773,,,392153,236771,,,,Apr 1994,8959,,,
1994-05-15T00:00:00Z,,94765,,,246872,163049,,,,May 1994,8462,,,
1994-06-15T00:00:00Z,,90075,,,154411,132096,,,,Jun 1994,12596,,,
1994-07-15T00:00:00Z,,93139,,,126805,129282,,,,Jul 1994,10647,,,
1994-08-15T00:00:00Z,,94119,,,121952,120768,,,,Aug 1994,13801,,,
1994-09-15T00:00:00Z,,89553,,,130370,117432,,,,Sep 1994,14236,,,
1994-10-15T00:00:00Z,,93954,,,220553,159507,,,,Oct 1994,12805,,,
1994-11-15T00:00:00Z,,96538,,,391460,235500,,,,Nov 1994,19384,,,
1994-12-15T00:00:00Z,,100264,,,638175,339951,,,,Dec 1994,17698,,,
1995-01-15T00:00:00Z,,104954,,,815547,427172,,,,Jan 1995,13635,,,
1995-02-15T00:00:00Z,,93599,,,754491,410900,,,,Feb 1995,13115,,,
1995-03-15T00:00:00Z,,104004,,,600034,342484,,,,Mar 1995,14630,,,
1995-04-15T00:00:00Z,,100073,,,418820,253763,,,,Apr 1995,12138,,,
1995-05-15T00:00:00Z,,102792,,,260367,184318,,,,May 1995,12477,,,
1995-06-15T00:00:00Z,,98559,,,158908,132746,,,,Jun 1995,15606,,,
1995-07-15T00:00:00Z,,101373,,,130717,132500,,,,Jul 1995,14552,,,
1995-08-15T00:00:00Z,,101272,,,114415,130493,,,,Aug 1995,13520,,,
1995-09-15T00:00:00Z,,98557,,,133951,129530,,,,Sep 1995,11370,,,
1995-10-15T00:00:00Z,,101675,,,216412,170849,,,,Oct 1995,12250,,,
1995-11-15T00:00:00Z,,104598,,,488812,296702,,,,Nov 1995,12679,,,
1995-12-15T00:00:00Z,,108714,,,757844,419620,,,,Dec 1995,8146,,,
1996-01-15T00:00:00Z,,105874,,,933642,480207,,,,Jan 1996,14186,,,
1996-02-15T00:00:00Z,,100100,,,830912,442962,,,,Feb 1996,12828,,,
1996-03-15T00:00:00Z,,105982,,,705207,387264,,,,Mar 1996,15118,,,
1996-04-15T00:00:00Z,,103753,,,473842,283635,,,,Apr 1996,10008,,,
1996-05-15T00:00:00Z,,105150,,,271486,182859,,,,May 1996,8458,,,
1996-06-15T00:00:00Z,,102023,,,162277,133356,,,,Jun 1996,12138,,,
1996-07-15T00:00:00Z,,104504,,,124371,125522,,,,Jul 1996,14385,,,
1996-08-15T00:00:00Z,,105225,,,118296,122985,,,,Aug 1996,17036,,,
1996-09-15T00:00:00Z,,101963,,,137556,124490,,,,Sep 1996,10566,,,
1996-10-15T00:00:00Z,,104965,,,243121,171277,,,,Oct 1996,11889,,,
1996-11-15T00:00:00Z,,103868,,,502981,294522,,,,Nov 1996,13979,,,
1996-12-15T00:00:00Z,,106254,,,737722,409165,,,,Dec 1996,12801,,,
1997-01-15T00:00:00Z,,102977,,,902399,473868,,707,,Jan 1997,12028,,,
1997-02-15T00:00:00Z,,93301,,,757457,419698,,639,,Feb 1997,12443,,,
1997-03-15T00:00:00Z,,103593,,,605856,359595,,707,,Mar 1997,16276,,,
1997-04-15T00:00:00Z,,98734,,,433073,268912,,684,,Apr 1997,13872,,,
1997-05-15T00:00:00Z,,102506,,,283739,203684,,707,,May 1997,10097,,,
1997-06-15T00:00:00Z,,97083,,,163591,154097,,684,,Jun 1997,9527,,,
1997-07-15T00:00:00Z,,100851,,,127805,144040,,707,,Jul 1997,10136,,,
1997-08-15T00:00:00Z,,100660,,,117900,139686,,707,,Aug 1997,17633,,,
1997-09-15T00:00:00Z,,98348,,,129388,141730,,684,,Sep 1997,13055,,,
1997-10-15T00:00:00Z,,101652,,,234223,189614,,707,,Oct 1997,12289,,,
1997-11-15T00:00:00Z,,98467,,,497310,305569,,684,,Nov 1997,13051,,,
1997-12-15T00:00:00Z,,100271,,,731030,414419,,707,,Dec 1997,16600,,,
1998-01-15T00:00:00Z,,102264,,,812108,450690,,793,,Jan 1998,16632,,,
1998-02-15T00:00:00Z,,91025,,,691819,392573,,717,,Feb 1998,11346,,,
1998-03-15T00:00:00Z,,101614,,,647619,366881,,793,,Mar 1998,19488,,,
1998-04-15T00:00:00Z,,98122,,,407752,255821,,768,,Apr 1998,12886,,,
1998-05-15T00:00:00Z,,101749,,,220830,169645,,793,,May 1998,10093,,,
1998-06-15T00:00:00Z,,97533,,,152708,137688,,768,,Jun 1998,13250,,,
1998-07-15T00:00:00Z,,99336,,,132390,142313,,793,,Jul 1998,11166,,,
1998-08-15T00:00:00Z,,100027,,,116631,144498,,793,,Aug 1998,10563,,,
1998-09-15T00:00:00Z,,90805,,,121417,139737,,768,,Sep 1998,11957,,,
1998-10-15T00:00:00Z,,97983,,,202996,173381,,793,,Oct 1998,12975,,,
1998-11-15T00:00:00Z,,94934,,,398094,264170,,768,,Nov 1998,12494,,,
1998-12-15T00:00:00Z,,97338,,,615913,362095,,793,,Dec 1998,16157,,,
1999-01-15T00:00:00Z,,93156,,,911162,475945,,987,,Jan 1999,12400,,,
1999-02-15T00:00:00Z,,83973,,,689687,400207,,892,,Feb 1999,12934,,,
1999-03-15T00:00:00Z,,92958,,,669270,388912,,987,,Mar 1999,16035,,,
1999-04-15T00:00:00Z,,88809,,,420192,259432,,955,,Apr 1999,13001,,,
1999-05-15T00:00:00Z,,90478,,,234764,176232,,987,,May 1999,13988,,,
1999-06-15T00:00:00Z,,88321,,,158235,143702,,955,,Jun 1999,11003,,,
1999-07-15T00:00:00Z,,90886,,,126561,132204,,987,,Jul 1999,13294,,,
1999-08-15T00:00:00Z,,90693,,,116231,137009,,987,,Aug 1999,13079,,,
1999-09-15T00:00:00Z,,87781,,,134861,137366,,955,,Sep 1999,12852,,,
1999-10-15T00:00:00Z,,90965,,,233508,180508,,987,,Oct 1999,10161,,,
1999-11-15T00:00:00Z,,89424,,,371595,245152,,955,,Nov 1999,18628,,,
1999-12-15T00:00:00Z,,91919,,,659606,367989,,987,,Dec 1999,16040,,,
2000-01-15T00:00:00Z,,97358,,,862900,451876,,1080,,Jan 2000,17776,,,
2000-02-15T00:00:00Z,,89676,,,775235,420754,,1010,,Feb 2000,21015,,,
2000-03-15T00:00:00Z,,98137,,,550261,347668,,1080,,Mar 2000,20505,,,
2000-04-15T00:00:00Z,,92790,,,400886,255390,,1045,,Apr 2000,17015,,,
2000-05-15T00:00:00Z,,96400,,,228439,180659,,1080,,May 2000,19810,,,
2000-06-15T00:00:00Z,,94095,,,154183,147135,,1045,,Jun 2000,16249,,,
2000-07-15T00:00:00Z,,97199,,,128363,136910,,1080,,Jul 2000,19546,,,
2000-08-15T00:00:00Z,,97934,,,122408,150288,,1080,,Aug 2000,20775,,,
2000-09-15T00:00:00Z,,94771,,,140766,148609,,1045,,Sep 2000,20568,,,
2000-10-15T00:00:00Z,,99714,,,235799,181030,,1080,,Oct 2000,23070,,,
2000-11-15T00:00:00Z,,94863,,,482600,290024,,1045,,Nov 2000,24767,,,
2000-12-15T00:00:00Z,,97918,,,914339,472125,,1080,,Dec 2000,22621,,,
2001-01-15T00:00:00Z,2676998,95602,76386,2505011,976677,500267,686540,1235,340292,Jan 2001,25547,0.389889305875304,0.274066660785122,0.0101983584104022
2001-02-15T00:00:00Z,2309464,86821,65770,2156873,780482,422407,640026,1115,312843,Feb 2001,26882,0.361858115892776,0.296737916418816,0.0124634134694069
2001-03-15T00:00:00Z,2246633,96438,63626,2086568,681884,375688,664918,1235,362843,Mar 2001,32121,0.326796922026984,0.318665866628837,0.0153941783828756
2001-04-15T00:00:00Z,1807170,92602,50736,1663832,400728,255361,622054,1195,384494,Apr 2001,23637,0.240846431610884,0.373868275162396,0.0142063621807971
2001-05-15T00:00:00Z,1522382,94981,42238,1385163,209327,164146,576532,1235,433923,May 2001,28981,0.151120842817777,0.416219607367508,0.0209224473942778
2001-06-15T00:00:00Z,1444378,91218,40041,1313119,146837,135449,536820,1195,492819,Jun 2001,24554,0.111823071633264,0.40881291033029,0.018698990723613
2001-07-15T00:00:00Z,1598071,93635,44518,1459919,123777,130415,570067,1235,634425,Jul 2001,31219,0.0847834708637945,0.390478512849001,0.0213840630884316
2001-08-15T00:00:00Z,1669178,94087,46609,1528483,116934,133687,589875,1235,686753,Aug 2001,28965,0.0765033042565734,0.38592185847013,0.0189501616962701
2001-09-15T00:00:00Z,1494128,91760,41497,1360871,127482,143342,578590,1195,510262,Sep 2001,33517,0.0936767702449387,0.425161532577298,0.0246290794645488
2001-10-15T00:00:00Z,1649073,95679,45967,1507428,237466,185356,617291,1235,466080,Oct 2001,34452,0.157530575257989,0.409499491849694,0.0228548229169154
2001-11-15T00:00:00Z,1700950,91351,47630,1561970,360721,230554,618950,1195,350549,Nov 2001,41840,0.230939774771603,0.396262412210222,0.0267866860439061
2001-12-15T00:00:00Z,2120198,94379,59946,1965873,609025,346038,642556,1235,367018,Dec 2001,41564,0.309798750987475,0.326855295331896,0.0211427696499214
2002-01-15T00:00:00Z,2487638,95508,72857,2319273,815227,435234,686108,1270,381434,Jan 2002,34491,0.351501095386356,0.295828908455365,0.0148714704995919
2002-02-15T00:00:00Z,2242427,86015,65626,2090786,712863,399911,632621,1147,344243,Feb 2002,30383,0.340954550106993,0.302575682064066,0.0145318554840141
2002-03-15T00:00:00Z,2258431,95646,65870,2096915,660430,372845,655854,1270,406516,Mar 2002,38141,0.314953157376432,0.312770903923144,0.018189101608792
2002-04-15T00:00:00Z,1880985,91995,54441,1734549,415196,267206,646534,1229,404384,Apr 2002,39194,0.239368273827952,0.37273896557549,0.0225960754063448
2002-05-15T00:00:00Z,1611453,94802,46147,1470504,255083,192070,611973,1270,410108,May 2002,39459,0.173466376154026,0.416165477958577,0.0268336570318748
2002-06-15T00:00:00Z,1591373,91805,45601,1453967,159973,146151,595674,1229,550941,Jun 2002,44939,0.110025193143998,0.409688803115889,0.0309078541672541
2002-07-15T00:00:00Z,1748435,95227,50359,1602849,125065,136841,605786,1270,733887,Jul 2002,45032,0.0780266887273848,0.377943274756387,0.028094973388011
2002-08-15T00:00:00Z,1725712,93998,49635,1582079,115678,135717,611822,1270,717592,Aug 2002,46511,0.0731177140964516,0.386720258596442,0.0293986583476552
2002-09-15T00:00:00Z,1542170,89315,44256,1408599,123904,141457,573310,1229,568699,Sep 2002,46563,0.0879625784201182,0.407007246207047,0.0330562495074894
2002-10-15T00:00:00Z,1645873,91673,47265,1506936,250573,199288,613448,1270,442357,Oct 2002,42109,0.166279788922688,0.407082981626293,0.0279434561255422
2002-11-15T00:00:00Z,1913629,91840,55394,1766395,483192,298091,632273,1229,351612,Nov 2002,54589,0.273546969958588,0.357945419908911,0.0309041862097662
2002-12-15T00:00:00Z,2378895,95259,69469,2214167,771634,419358,661782,1270,360123,Dec 2002,54821,0.348498554987045,0.298885314432019,0.0247591983802486
2003-01-15T00:00:00Z,2700545,94993,72816,2532736,945975,514945,687821,1552,382443,Jan 2003,58449,0.373499251402436,0.271572323368879,0.02307741509577
2003-02-15T00:00:00Z,2500315,86364,67462,2346489,884238,482485,643666,1402,334698,Feb 2003,56393,0.376834496134437,0.274310256728244,0.024032927492948
2003-03-15T00:00:00Z,2197936,97721,58692,2041522,674582,388190,615956,1552,361243,Mar 2003,51851,0.330430923595239,0.301714113293905,0.0253982078077043
2003-04-15T00:00:00Z,1743530,93569,46108,1603853,414495,261069,574624,1502,352164,Apr 2003,48831,0.258437026335955,0.358277223660772,0.0304460570887731
2003-05-15T00:00:00Z,1514697,95542,39657,1379497,247693,179065,557167,1552,394021,May 2003,48519,0.179553126973092,0.403891418393806,0.0351715154146765
2003-06-15T00:00:00Z,1368369,92521,35652,1240196,157454,134302,511339,1502,435598,Jun 2003,51924,0.126958964550765,0.412304990501501,0.0418675757702815
2003-07-15T00:00:00Z,1600484,93673,42107,1464704,126624,131884,574374,1552,630270,Jul 2003,48707,0.0864502315826269,0.392143395525649,0.0332538178362318
2003-08-15T00:00:00Z,1651580,95576,43482,1512522,115852,130829,580776,1552,683513,Aug 2003,50962,0.0765952495236433,0.383978547088902,0.0336933942117867
2003-09-15T00:00:00Z,1428554,92079,37347,1299128,128621,136088,564407,1502,468510,Sep 2003,53337,0.0990056407066894,0.434450646895456,0.0410560006404296
2003-10-15T00:00:00Z,1553189,95213,40742,1417234,231558,176727,598581,1552,408817,Oct 2003,62314,0.16338727408459,0.422358622499884,0.0439687447521016
2003-11-15T00:00:00Z,1753642,91026,46462,1616154,413663,256260,596599,1502,348129,Nov 2003,71867,0.255955187438821,0.369147370856985,0.0444679158050532
2003-12-15T00:00:00Z,2263659,94005,60963,2108690,738596,387647,645086,1552,335810,Dec 2003,76769,0.350262959467726,0.305917892151051,0.0364060151089065
2004-01-15T00:00:00Z,2675834,94386,68605,2512844,962910,506719,680076,1737,361401,Jan 2004,67024,0.383195295848051,0.270639960140781,0.0266725670196797
2004-02-15T00:00:00Z,2511097,87746,64405,2358946,857450,477627,648777,1625,373466,Feb 2004,69805,0.363488608895668,0.27502833892764,0.0295916057425647
2004-03-15T00:00:00Z,2100921,95007,53307,1952607,591428,357088,627150,1737,375203,Mar 2004,90982,0.302891467663488,0.321185983661843,0.0465951417771216
2004-04-15T00:00:00Z,1745171,91478,43947,1609746,379642,253143,585952,1681,389328,Apr 2004,61916,0.235839691479277,0.364002768138576,0.0384632109662021
2004-05-15T00:00:00Z,1573043,92131,39356,1441557,213645,172982,568079,1737,485114,May 2004,60968,0.148204337393527,0.394073213893034,0.0422931594102765
2004-06-15T00:00:00Z,1483684,90387,37031,1356266,144885,138786,562774,1681,508140,Jun 2004,64227,0.106826389513561,0.414943676240502,0.0473557546970875
2004-07-15T00:00:00Z,1584933,92943,39651,1452339,124882,128669,570650,1737,626401,Jul 2004,67031,0.0859868116190504,0.392917906907409,0.0461538249678622
2004-08-15T00:00:00Z,1577962,92594,39477,1445892,119809,128662,583113,1737,612571,Aug 2004,67491,0.0828616521842572,0.403289457303865,0.0466777601646596
2004-09-15T00:00:00Z,1482150,87371,37067,1357712,124924,132058,569609,1681,529440,Sep 2004,74439,0.0920106767856512,0.419535954605984,0.0548267968464593
2004-10-15T00:00:00Z,1557224,91736,38942,1426546,216417,175142,593409,1737,439841,Oct 2004,61174,0.151706990170664,0.415976070873284,0.0428825989487896
2004-11-15T00:00:00Z,1782796,89828,44990,1647979,407202,256336,606591,1681,376169,Nov 2004,86431,0.247091740853494,0.368081753468946,0.052446663458697
2004-12-15T00:00:00Z,2327730,92299,59411,2176020,725603,401760,660229,1737,386690,Dec 2004,82649,0.33345419619305,0.303411273793439,0.0379817281091166
2005-01-15T00:00:00Z,2561858,96256,68889,2396713,892345,466725,650989,1944,384710,Jan 2005,91395,0.372320340399539,0.271617419357261,0.0381334769745063
2005-02-15T00:00:00Z,2242986,88430,60200,2094357,759126,411963,590965,1755,330547,Feb 2005,89576,0.362462560107947,0.282170136227969,0.0427701676457261
2005-03-15T00:00:00Z,2205787,98748,58871,2048169,678019,377031,604866,1944,386309,Mar 2005,96220,0.331036647854742,0.295320356865083,0.046978545227469
2005-04-15T00:00:00Z,1724877,94125,45564,1585188,384163,242656,566130,1881,390358,Apr 2005,55538,0.242345387424078,0.357137449942846,0.035035591992874
2005-05-15T00:00:00Z,1522613,95833,39863,1386917,247525,173748,540722,1944,422978,May 2005,58944,0.178471386535748,0.38987336661098,0.0425000198281512
2005-06-15T00:00:00Z,1534122,93862,40242,1400018,152020,135458,516522,1881,594137,Jun 2005,54807,0.108584318201623,0.368939542205886,0.0391473538197366
2005-07-15T00:00:00Z,1686609,94516,44485,1547608,122282,124649,521733,1944,777000,Jul 2005,55048,0.0790135486505627,0.33712219114918,0.0355697308362324
2005-08-15T00:00:00Z,1695102,94493,44721,1555887,112600,123903,526148,1944,791293,Aug 2005,51987,0.0723702942437336,0.338165946498685,0.0334130949098489
2005-09-15T00:00:00Z,1422495,83252,37415,1301829,118261,126731,477413,1881,577543,Sep 2005,43824,0.0908421920236836,0.366724815624786,0.0336634074060418
2005-10-15T00:00:00Z,1428227,88025,37443,1302758,202172,162077,501875,1944,434692,Oct 2005,41025,0.155187686431402,0.385240390003362,0.0314908831878215
2005-11-15T00:00:00Z,1663400,89739,43968,1529693,387025,240134,527303,1881,373351,Nov 2005,44964,0.253008283361433,0.344711651292122,0.029394133332636
2005-12-15T00:00:00Z,2326360,94239,62367,2169754,771237,413844,576502,1944,406226,Dec 2005,45272,0.355449050906232,0.265699245167885,0.0208650381563993
2006-01-15T00:00:00Z,2165268,95508,58834,2010926,713698,396993,579855,2016,318364,Jan 2006,55600,0.354910125981762,0.288352231757907,0.0276489537655786
2006-02-15T00:00:00Z,2144378,86529,58490,1999359,702280,390067,559052,1821,346138,Feb 2006,58766,0.351252576450753,0.279615616805186,0.0293924202706968
2006-03-15T00:00:00Z,2126369,96527,57677,1972165,625925,352874,584380,2016,406970,Mar 2006,69434,0.317379631014646,0.296313949390644,0.0352069933296656
2006-04-15T00:00:00Z,1681005,92558,45145,1543302,355496,225687,534140,1951,426027,Apr 2006,45181,0.230347657166258,0.34610205909148,0.0292755403673422
2006-05-15T00:00:00Z,1526297,95279,40665,1390353,203512,160316,520100,2016,504409,May 2006,62557,0.146374338027825,0.374077662291519,0.0449936095365709
2006-06-15T00:00:00Z,1550879,94355,41391,1415134,141157,134267,508098,1951,629660,Jun 2006,65708,0.0997481510584863,0.359045857141444,0.0464323519892816
2006-07-15T00:00:00Z,1758733,96237,47255,1615241,115586,121913,512194,2016,863531,Jul 2006,58874,0.0715596000844456,0.31710066794986,0.036449050017923
2006-08-15T00:00:00Z,1751683,96815,47038,1607830,108439,126396,530783,2016,840197,Aug 2006,54739,0.0674443193621216,0.330123831499599,0.0340452659796123
2006-09-15T00:00:00Z,1462070,94660,38844,1328565,124922,133020,520351,1951,548321,Sep 2006,52583,0.0940277668010222,0.391663938158841,0.0395787936608295
2006-10-15T00:00:00Z,1644231,98383,43924,1501925,240448,187618,544311,2016,527532,Oct 2006,58904,0.160093213709073,0.362408908567339,0.0392190022804068
2006-11-15T00:00:00Z,1765375,95560,47451,1622364,413409,256210,554208,1951,396586,Nov 2006,69688,0.254818893910368,0.341605213133428,0.0429546020498482
2006-12-15T00:00:00Z,2122784,99566,57501,1965718,623595,346668,579073,2016,414365,Dec 2006,71923,0.31723522906134,0.294585998602038,0.0365886663295549
2007-01-15T00:00:00Z,2475594,100343,67439,2306943,803075,431711,621914,2094,448149,Jan 2007,69221,0.348112198697584,0.269583600461737,0.0300055094555869
2007-02-15T00:00:00Z,2566993,91902,70273,2403778,899461,477253,599687,1891,425485,Feb 2007,56539,0.374186384932386,0.249476865168081,0.0235208908642978
2007-03-15T00:00:00Z,2128845,103417,57526,1967388,616531,354274,578474,2094,416015,Mar 2007,77036,0.313375399260339,0.294031477268338,0.0391564856550919
2007-04-15T00:00:00Z,1810079,98777,48595,1662412,407708,259849,539684,2026,453144,Apr 2007,50736,0.245250876437369,0.324639138793512,0.030519510205653
2007-05-15T00:00:00Z,1559080,104599,41342,1414428,215724,168349,521172,2094,507089,May 2007,62477,0.152516777100001,0.368468384392843,0.0441712126739573
2007-06-15T00:00:00Z,1555226,101193,41310,1413254,137169,134769,510823,2026,628467,Jun 2007,57309,0.0970589858581685,0.361451656956216,0.0405510969719527
2007-07-15T00:00:00Z,1659882,103426,44231,1513157,117616,122408,510518,2094,760521,Jul 2007,70660,0.0777288807440338,0.337386008193466,0.046697071090442
2007-08-15T00:00:00Z,1896137,104005,50914,1741755,112015,127081,531132,2094,969433,Aug 2007,61870,0.0643115708007154,0.30494070635652,0.0355216433999041
2007-09-15T00:00:00Z,1590484,101696,42286,1446674,116439,127320,517561,2026,683327,Sep 2007,65077,0.0804873800178893,0.3577592463817,0.0449838733536374
2007-10-15T00:00:00Z,1627791,105256,43236,1479110,174272,157691,540961,2094,604092,Oct 2007,63576,0.117822203892882,0.365734123898831,0.0429826044039997
2007-11-15T00:00:00Z,1834529,103977,49140,1681149,405477,257247,568218,2026,448180,Nov 2007,86458,0.241190400137049,0.337993836358348,0.0514279222127248
2007-12-15T00:00:00Z,2399154,107796,65072,2225994,716871,394952,614573,2094,497505,Dec 2007,101495,0.322045342440276,0.276089243726623,0.0455953609937853
2008-01-15T00:00:00Z,2733970,101995,77313,2554281,883643,477148,659829,2201,531460,Jan 2008,109302,0.345945884575738,0.258322792206496,0.0427916897162059
2008-02-15T00:00:00Z,2503421,96255,70698,2335770,818272,458833,617738,2059,438868,Feb 2008,99374,0.350322163569187,0.264468676282339,0.0425444286038437
2008-03-15T00:00:00Z,2278151,104226,63850,2109623,656262,380467,609930,2201,460763,Mar 2008,100351,0.311080226182593,0.289118008288685,0.0475682147947761
2008-04-15T00:00:00Z,1823867,100538,50623,1672724,388459,255171,557357,2130,469607,Apr 2008,74343,0.232231378278784,0.333203206267143,0.0444442717387925
2008-05-15T00:00:00Z,1576387,103871,43282,1430242,230229,179744,542602,2201,475467,May 2008,68981,0.160972059273885,0.37937775565254,0.048230299487779
2008-06-15T00:00:00Z,1604249,101738,44156,1459015,144313,133735,513401,2130,665436,Jun 2008,61702,0.098911251769173,0.351881920336666,0.0422901752209539
2008-07-15T00:00:00Z,1708641,107037,47092,1556011,118416,127749,525607,2201,782039,Jul 2008,63345,0.0761022897653037,0.33779131381462,0.0407098664469596
2008-08-15T00:00:00Z,1682924,105516,46361,1531863,111287,126688,528741,2201,762946,Aug 2008,67157,0.0726481415113493,0.345162067365032,0.0438400823050103
2008-09-15T00:00:00Z,1460924,90069,40239,1329726,118100,129153,477778,2130,602565,Sep 2008,55330,0.0888152897664632,0.359305601304329,0.0416100760607824
2008-10-15T00:00:00Z,1635827,101348,45052,1488645,218058,185477,537665,2201,545244,Oct 2008,66843,0.146480860111041,0.361177446604127,0.0449019074393156
2008-11-15T00:00:00Z,1868947,101561,51903,1714971,433370,275603,546277,2130,457591,Nov 2008,90432,0.252698150580972,0.318534249267189,0.0527309208144044
2008-12-15T00:00:00Z,2399702,105549,67386,2226478,771868,422761,553255,2201,476394,Dec 2008,106101,0.346676679491107,0.248488868967041,0.0476541874655847
2009-01-15T00:00:00Z,2729715,110186,81144,2538368,947740,517891,582995,2315,487426,Jan 2009,112989,0.373365879179063,0.229673160077656,0.0445124583984671
2009-02-15T00:00:00Z,2332539,100434,69119,2162215,756341,426622,523688,2091,453472,Feb 2009,103196,0.349799164282923,0.242199781242846,0.0477269836718365
2009-03-15T00:00:00Z,2170709,110456,63814,1996245,600328,358253,535671,2315,499678,Mar 2009,103699,0.300728617980258,0.268339307048985,0.0519470305498574
2009-04-15T00:00:00Z,1741293,105047,50684,1585512,390344,249120,492412,2241,451395,Apr 2009,80016,0.246194289289517,0.310569708712391,0.050466978490229
2009-05-15T00:00:00Z,1504000,108587,43256,1353150,201447,166233,467679,2315,515476,May 2009,77072,0.148872630528766,0.345622436536969,0.0569574696079518
2009-06-15T00:00:00Z,1527833,105563,44075,1378772,141121,133503,459110,2241,642797,Jun 2009,66259,0.102352673248369,0.332984713933848,0.0480565314642305
2009-07-15T00:00:00Z,1657997,107672,48056,1503321,118624,128095,476270,2315,778017,Jul 2009,76273,0.0789079644334111,0.316811911760695,0.0507363364178376
2009-08-15T00:00:00Z,1736462,108525,50455,1578354,111479,128831,495412,2315,840317,Aug 2009,78755,0.0706299093866142,0.313878889019827,0.0498969179284242
2009-09-15T00:00:00Z,1574975,102145,45621,1427135,119681,131405,483796,2241,690011,Sep 2009,83786,0.0838610222578803,0.338998062551896,0.0587092321329096
2009-10-15T00:00:00Z,1666520,106913,48298,1510867,251028,198631,521880,2315,537013,Oct 2009,78092,0.166148310870513,0.345417564881621,0.0516868791230466
2009-11-15T00:00:00Z,1776171,103532,51782,1619852,376488,251343,532696,2241,457085,Nov 2009,96892,0.232421233544793,0.328854734877013,0.059815341154624
2009-12-15T00:00:00Z,2491864,106179,73871,2310875,764286,428665,595763,2315,519846,Dec 2009,115328,0.330734462054417,0.257808405906853,0.049906637096338
2010-01-15T00:00:00Z,2809788,105622,79950,2624217,932605,499107,644259,2434,545811,Jan 2010,93570,0.355384101238579,0.245505230703101,0.0356563500655624
2010-02-15T00:00:00Z,2480950,97743,70460,2312746,794779,440859,595295,2199,479615,Feb 2010,87820,0.343651659109993,0.257397483337989,0.037972176797625
2010-03-15T00:00:00Z,2142925,108557,60147,1974222,579243,337183,598498,2434,456864,Mar 2010,99574,0.293403173503284,0.303156382615532,0.0504370835701355
2010-04-15T00:00:00Z,1691813,104763,46922,1540128,313171,215375,537745,2356,471481,Apr 2010,75938,0.20334089114671,0.349156044172952,0.0493062914251283
2010-05-15T00:00:00Z,1617274,107550,44635,1465089,197513,161154,544323,2434,559665,May 2010,85725,0.134812970406576,0.371528965134541,0.058511803719774
2010-06-15T00:00:00Z,1649515,102824,45728,1500962,134038,129712,529191,2356,705665,Jun 2010,90040,0.0893013947055288,0.352567886462149,0.0599881942380953
2010-07-15T00:00:00Z,1825828,106759,50825,1668244,111307,120183,537138,2434,897182,Jul 2010,85851,0.066721055193365,0.32197807994514,0.0514618964611891
2010-08-15T00:00:00Z,1878926,108019,52357,1718550,107074,126673,539366,2434,943002,Aug 2010,84164,0.0623048500189113,0.313849466119694,0.0489738442291467
2010-09-15T00:00:00Z,1637491,107186,45244,1485061,117299,132944,535739,2356,696723,Sep 2010,79475,0.0789859810472432,0.360752184590397,0.0535163202050286
2010-10-15T00:00:00Z,1664938,112815,45889,1506234,201580,185337,546520,2434,570363,Oct 2010,95974,0.133830467244797,0.362838708992096,0.0637178552602053
2010-11-15T00:00:00Z,1973294,109026,55118,1809151,446801,286696,576758,2356,496539,Nov 2010,123537,0.246967223852514,0.318800365475298,0.0682845157756318
2010-12-15T00:00:00Z,2714054,114763,76849,2522442,847001,467371,641361,2434,564274,Dec 2010,135121,0.335786115201063,0.254261941404401,0.0535675349522407
2011-01-15T00:00:00Z,2888640,106975,82626,2699039,969775,527999,658927,2546,539792,Jan 2011,135721,0.359303811467711,0.244133930632347,0.0502849347489977
2011-02-15T00:00:00Z,2452403,96973,69965,2285465,767994,431732,599754,2299,483686,Feb 2011,125014,0.336034023710711,0.262420995289799,0.0546995906741079
2011-03-15T00:00:00Z,2230493,111445,62944,2056105,594929,360938,615767,2546,481926,Mar 2011,144360,0.289347577093582,0.299482273522023,0.0702104221331109
2011-04-15T00:00:00Z,1825023,108766,50979,1665278,340552,232006,568804,2464,521453,Apr 2011,126374,0.204501590725392,0.341566993619083,0.0758876295729602
2011-05-15T00:00:00Z,1667396,111897,46204,1509295,205399,166250,563102,2546,571998,May 2011,131797,0.136089366227278,0.373089422544963,0.0873235517244807
2011-06-15T00:00:00Z,1657334,107452,46037,1503845,132672,133856,535440,2464,699414,Jun 2011,119470,0.088221857970735,0.356047332005626,0.0794430277056479
2011-07-15T00:00:00Z,1890515,109606,52900,1728010,114187,130147,542556,2546,938575,Jul 2011,113280,0.0660800574070752,0.313977349668115,0.065555176185323
2011-08-15T00:00:00Z,1891783,110980,52896,1727907,112280,137962,553670,2546,921449,Aug 2011,111404,0.064980349058138,0.320428124893296,0.0644733773287567
2011-09-15T00:00:00Z,1655634,109465,45927,1500242,122751,141634,549196,2464,684198,Sep 2011,126744,0.0818207995776681,0.366071607114052,0.0844823701776113
2011-10-15T00:00:00Z,1744454,116320,48362,1579772,225506,206142,570646,2546,574932,Oct 2011,109513,0.142745915233337,0.361220479917355,0.0693220287484523
2011-11-15T00:00:00Z,2031872,114768,56945,1860159,434502,286449,594199,2464,542546,Nov 2011,127599,0.233583258205347,0.319434521457574,0.0685957490730631
2011-12-15T00:00:00Z,2541878,117941,72000,2351937,693232,400205,642060,2546,613894,Dec 2011,134374,0.294749391671631,0.27299200616343,0.0571333330782245
2012-01-15T00:00:00Z,2756180,118883,79832,2557465,794368,445861,665876,2538,648823,Jan 2012,130464,0.310607574297205,0.260365635502343,0.0510130148408678
2012-02-15T00:00:00Z,2500654,109038,72395,2319221,662056,387045,623215,2375,644530,Feb 2012,130175,0.285464817712499,0.268717383983674,0.0561287604760392
2012-03-15T00:00:00Z,2127761,117005,60866,1949890,403150,261564,608538,2538,674099,Mar 2012,141164,0.206755252860418,0.312088374215981,0.0723958787418778
2012-04-15T00:00:00Z,1953071,112909,55702,1784460,279211,208940,579515,2457,714338,Apr 2012,123150,0.156468063167569,0.324756508971902,0.0690124743619919
2012-05-15T00:00:00Z,1873835,117153,53175,1703507,163083,149137,576282,2538,812467,May 2012,132979,0.0957336835128943,0.338291536224976,0.078061904060271
2012-06-15T00:00:00Z,1868356,112654,53145,1702557,123336,131071,565812,2457,879881,Jun 2012,125140,0.0724416275049822,0.332330723729073,0.0735012102384825
2012-07-15T00:00:00Z,2069773,119418,59038,1891318,107517,124496,575079,2538,1081688,Jul 2012,118367,0.056847658616901,0.304062563778275,0.0625843988160637
2012-08-15T00:00:00Z,2008815,118830,57210,1832775,105604,133475,587219,2538,1003938,Aug 2012,139248,0.0576197296449373,0.320398848740298,0.0759765928714654
2012-09-15T00:00:00Z,1807208,115658,51204,1640347,118611,141657,575034,2457,802588,Sep 2012,137374,0.0723084810713831,0.35055631521867,0.0837469145247926
2012-10-15T00:00:00Z,1901084,119771,53921,1727393,240105,212768,602786,2538,669195,Oct 2012,139930,0.138998479211158,0.348957069989284,0.081006464655119
2012-11-15T00:00:00Z,2167841,116074,62107,1989660,482134,308076,617247,2457,579745,Nov 2012,142299,0.242319793331524,0.310227375531498,0.0715192545460028
2012-12-15T00:00:00Z,2503907,118880,72195,2312832,670344,390835,649613,2538,599502,Dec 2012,158538,0.289836875311307,0.280873405418119,0.0685471318279927
2013-01-15T00:00:00Z,2878785,123951,93018,2661816,872291,478984,676303,2552,631685,Jan 2013,154442,0.327705220796629,0.254075788859936,0.0580212907278339
2013-02-15T00:00:00Z,2567155,112282,82890,2371983,750082,429014,622193,2305,568388,Feb 2013,133003,0.316225706508015,0.262309215538223,0.0560724929310202
2013-03-15T00:00:00Z,2521108,123977,80940,2316191,662262,393457,654009,2552,603910,Mar 2013,148544,0.285927196850346,0.282364019202216,0.0641328802331069
2013-04-15T00:00:00Z,1967458,121527,62329,1783603,366420,249295,600591,2469,564827,Apr 2013,125771,0.205438093566786,0.336729081527672,0.0705151314502162
2013-05-15T00:00:00Z,1752469,125149,54947,1572373,193222,168850,592942,2552,614808,May 2013,142071,0.122885600299674,0.377100090118566,0.0903545151182321
2013-06-15T00:00:00Z,1742917,120934,54767,1567216,127659,136047,563890,2469,737150,Jun 2013,133808,0.0814559065246909,0.359803626302947,0.0853794244060806
2013-07-15T00:00:00Z,1926330,127432,60741,1738157,111509,135057,577915,2552,911124,Jul 2013,128612,0.0641535833644487,0.332487226412804,0.073993315908747
2013-08-15T00:00:00Z,1927379,127158,60785,1739436,107731,137019,591603,2552,900530,Aug 2013,130324,0.0619344431183441,0.340111967327341,0.0749231360050039
2013-09-15T00:00:00Z,1766973,122736,55518,1588718,117803,141926,575038,2469,751482,Sep 2013,122421,0.0741497232359676,0.361950956683313,0.0770564694300688
2013-10-15T00:00:00Z,1866762,127212,58737,1680814,222668,206671,611884,2552,637038,Oct 2013,122406,0.13247628827461,0.364040280483147,0.0728254286316035
2013-11-15T00:00:00Z,2316909,124369,74032,2118508,517529,345132,652358,2469,601019,Nov 2013,113682,0.244289377240964,0.307932752673108,0.0536613503465647
2013-12-15T00:00:00Z,2920826,126358,94357,2700111,848195,473848,706724,2552,668792,Dec 2013,117329,0.314133381923928,0.261738869253894,0.0434533987676803
2014-01-15T00:00:00Z,3204129,120915,86069,2997145,1037197,571744,722327,2997,662881,Jan 2014,134807,0.346061668688035,0.241005023113663,0.0449784711784048
2014-02-15T00:00:00Z,2741240,111800,73402,2556038,852927,490105,659190,2707,551109,Feb 2014,138550,0.333691048411643,0.257895226909772,0.0542049844329388
2014-03-15T00:00:00Z,2557890,124673,67924,2365293,699921,420934,680634,2997,560808,Mar 2014,149508,0.295913022192177,0.287758852708734,0.0632090823420185
2014-04-15T00:00:00Z,1961678,123603,51310,1786764,356142,251038,627785,2900,548899,Apr 2014,121928,0.199322350349571,0.351353060616847,0.0682395660534911
2014-05-15T00:00:00Z,1810222,127034,46987,1636202,203456,176753,606067,2997,646929,May 2014,114105,0.12434650489365,0.37041086614,0.069737721870527
2014-06-15T00:00:00Z,1745351,123570,45272,1576508,125596,141451,585811,2900,720750,Jun 2014,119864,0.0796672138676112,0.371587711575203,0.0760313300027656
2014-07-15T00:00:00Z,1881017,130405,48869,1701744,112785,137609,605051,2997,843303,Jul 2014,127301,0.0662761261388317,0.3555476029297,0.0748061988172134
2014-08-15T00:00:00Z,1933061,131115,50302,1751644,105187,137122,608533,2997,897806,Aug 2014,115376,0.060050444039999,0.347406779003039,0.0658672652662299
2014-09-15T00:00:00Z,1809291,126840,46966,1635485,121736,148913,590989,2900,770947,Sep 2014,119891,0.0744341892466149,0.361353971451893,0.0733060835165104
2014-10-15T00:00:00Z,1912810,132368,49702,1730740,212079,202359,609917,2997,703390,Oct 2014,115069,0.122536602840404,0.352402440574552,0.0664854339762183
2014-11-15T00:00:00Z,2357521,127279,62258,2167984,543538,361530,659624,2900,600392,Nov 2014,120861,0.250711259861696,0.304256857984192,0.0557481051520676
2014-12-15T00:00:00Z,2679165,132541,71090,2475535,716907,426751,690112,2997,638769,Dec 2014,136982,0.289596794228318,0.278772871318725,0.0553343014742268
2015-01-15T00:00:00Z,3114982,132608,78800,2903574,937954,532631,718319,3345,711324,Jan 2015,144522,0.323034301863841,0.247391318423433,0.0497738304586003
2015-02-15T00:00:00Z,2925172,120370,74108,2730693,902364,517341,659623,3022,648343,Feb 2015,144955,0.330452379670655,0.241558827740797,0.0530835945307656
2015-03-15T00:00:00Z,2591329,133856,64931,2392542,633081,385772,661612,3345,708731,Mar 2015,163967,0.264606013185975,0.276530986707861,0.0685325482269486
2015-04-15T00:00:00Z,2007922,131408,49581,1826933,319285,232201,607933,3238,664276,Apr 2015,130328,0.17476557706276,0.332761518895329,0.0713370441061604
2015-05-15T00:00:00Z,1858149,133834,45560,1678755,177570,160511,602843,3345,734486,May 2015,134274,0.105774815264884,0.359101238715596,0.0799842740602411
2015-06-15T00:00:00Z,1899906,129215,46785,1723906,124066,135446,574682,3238,886475,Jun 2015,138179,0.0719679611301312,0.333360403641498,0.0801546023971145
2015-07-15T00:00:00Z,2067714,133945,51094,1882675,108160,133728,591900,3345,1045542,Jul 2015,143820,0.0574501706348679,0.314393084308232,0.076391304925173
2015-08-15T00:00:00Z,2052728,134098,50694,1867936,102855,135279,599867,3345,1026590,Aug 2015,144885,0.0550634497113392,0.321138946944649,0.0775642206156956
2015-09-15T00:00:00Z,1901337,130591,46786,1723960,108491,138126,579061,3238,895044,Sep 2015,162573,0.0629312745075292,0.335890043852526,0.0943020719738277
2015-10-15T00:00:00Z,1987310,133961,48969,1804380,201540,194961,612994,3345,791541,Oct 2015,158517,0.111694875802215,0.339725556700917,0.0878512286768862
2015-11-15T00:00:00Z,2249140,129096,56016,2064029,406610,283231,638537,3238,732413,Nov 2015,155739,0.196998201091167,0.309364354861293,0.0754538817041815
2015-12-15T00:00:00Z,2588168,133407,64859,2389902,590911,352506,674532,3345,768606,Dec 2015,161754,0.247253234651463,0.282242535467982,0.067682273164339
2016-01-15T00:00:00Z,3091695,132516,78465,2880714,878936,503093,721171,3560,773954,Jan 2016,168521,0.305110469140637,0.250344532640172,0.0584997330522919
2016-02-15T00:00:00Z,2652260,125722,66993,2459545,690077,413548,662790,3330,689800,Feb 2016,162757,0.280570999920717,0.269476671498184,0.0661736215438221
2016-03-15T00:00:00Z,2356298,132875,58956,2164467,455001,298447,662694,3560,744765,Mar 2016,194915,0.210213877134648,0.306169602031355,0.0900521929879273
2016-04-15T00:00:00Z,2083848,128499,51848,1903501,328059,233059,620045,3445,718893,Apr 2016,177853,0.172345063123161,0.325739256244152,0.0934346764199231
2016-05-15T00:00:00Z,1965799,131270,48644,1785885,193922,171297,612675,3560,804431,May 2016,188274,0.108585939184214,0.343065202966596,0.105423361526638
2016-06-15T00:00:00Z,2000656,125818,49713,1825125,122640,138340,590392,3445,970308,Jun 2016,183013,0.0671953975755085,0.323480309567838,0.100274227792617
2016-07-15T00:00:00Z,2186616,131076,54504,2001036,106420,134609,616480,3560,1139968,Jul 2016,188682,0.0531824514901281,0.308080414345369,0.0942921566628486
2016-08-15T00:00:00Z,2208375,130037,55109,2023229,100455,140436,627541,3560,1151236,Aug 2016,214226,0.0496508304299711,0.310168053146727,0.105883219348873
2016-09-15T00:00:00Z,1947752,125008,48332,1774412,109782,142031,603868,3445,915286,Sep 2016,201986,0.0618695094487639,0.340320060955404,0.113832638643111
2016-10-15T00:00:00Z,1925203,128669,47637,1748897,187385,191437,622720,3560,743796,Oct 2016,176466,0.107144674614914,0.356064422318753,0.100901310940553
2016-11-15T00:00:00Z,2159445,125558,53930,1979957,379746,280600,654119,3445,662046,Nov 2016,227919,0.191795074337473,0.330370306021797,0.115113105991696
2016-12-15T00:00:00Z,2866273,128282,72600,2665391,794164,462687,734194,3560,670787,Dec 2016,250836,0.2979540337609,0.275454520556271,0.0941085191628545
2017-01-15T00:00:00Z,2913823,126894,78712,2708217,830917,479371,734212,4094,659623,Jan 2017,269960,0.30681330188829,0.271105306554091,0.0996818201791068
2017-02-15T00:00:00Z,2340217,116217,62816,2161185,579458,359436,649811,3698,568781,Feb 2017,253227,0.268120498707885,0.300673473117757,0.117170441216277
2017-03-15T00:00:00Z,2523331,131579,67554,2324198,579941,371668,696319,4094,672176,Mar 2017,273345,0.249523061288238,0.299595387312096,0.117608310479572
2017-04-15T00:00:00Z,1932042,127491,50973,1753578,278972,211971,631624,3962,627049,Apr 2017,242424,0.159087306067937,0.36019156262225,0.138245347512343
2017-05-15T00:00:00Z,1892010,131738,49723,1710548,199486,178502,628407,4094,700059,May 2017,248867,0.116621106218592,0.367371742856675,0.145489632562196
2017-06-15T00:00:00Z,1910441,128725,50330,1731387,124057,138039,614294,3962,851035,Jun 2017,253322,0.0716518028609433,0.354798782710047,0.14631159873558
2017-07-15T00:00:00Z,2141595,134387,56698,1950510,107443,133651,623497,4094,1081826,Jul 2017,248801,0.055084567625903,0.319658448303264,0.127556895376081
2017-08-15T00:00:00Z,2093773,134312,55349,1904112,103835,137228,636935,4094,1022019,Aug 2017,247302,0.0545319813120237,0.334505008108767,0.129877864327308
2017-09-15T00:00:00Z,1920466,132252,50513,1737701,114508,144828,615144,3962,859260,Sep 2017,248916,0.0658962617849676,0.353998760431167,0.14324443618321
2017-10-15T00:00:00Z,2031510,139089,53456,1838965,205087,200683,656558,4094,772543,Oct 2017,279775,0.111523057806973,0.357025827027703,0.152137207614066
2017-11-15T00:00:00Z,2357258,138792,62661,2155805,467729,322432,695526,3962,666156,Nov 2017,287727,0.21696257314553,0.322629365828542,0.133466153014767
2017-12-15T00:00:00Z,3086015,144427,83080,2858509,821890,486806,760689,4094,785029,Dec 2017,300138,0.287524020389651,0.266113907635064,0.104998095160799
2018-01-15T00:00:00Z,3340935,134390,98811,3107734,981276,553970,782206,4282,786001,Jan 2018,300234,0.315752892622084,0.251696573773689,0.0966086544086463
2018-02-15T00:00:00Z,2710719,123921,79713,2507085,689887,424203,699106,3867,690022,Feb 2018,275652,0.275174954179854,0.278852133054922,0.109949203955989
2018-03-15T00:00:00Z,2796708,138799,81905,2576005,659389,417944,737863,4282,756528,Mar 2018,291468,0.255973493840268,0.286436944027671,0.113147295909752
2018-04-15T00:00:00Z,2350481,134093,68299,2148089,440848,301841,697338,4144,703919,Apr 2018,278941,0.205227995674295,0.324631800637683,0.129855420329418
2018-05-15T00:00:00Z,2055019,140156,59007,1855856,169019,163748,670722,4282,848085,May 2018,272116,0.0910733375865369,0.361408428240122,0.146625600262089
2018-06-15T00:00:00Z,2063144,136321,59376,1867447,119244,142401,649104,4144,952554,Jun 2018,261995,0.0638540210244253,0.347588981106291,0.140295815624219
2018-07-15T00:00:00Z,2350719,143671,68011,2139037,105918,137574,667748,4282,1223514,Jul 2018,305997,0.0495166750271267,0.312172253214881,0.143053626468359
2018-08-15T00:00:00Z,2313836,146569,66785,2100482,99781,142976,667914,4282,1185530,Aug 2018,311449,0.0475038586381602,0.317981301434623,0.148275014972754
2018-09-15T00:00:00Z,2156063,144167,61997,1949898,112317,146602,657035,4144,1029799,Sep 2018,301742,0.0576014745386682,0.336958651170471,0.154747581668374
2018-10-15T00:00:00Z,2285854,150862,65791,2069201,255318,237370,684417,4282,887814,Oct 2018,306653,0.12338965620063,0.330763903555044,0.148198749179031
2018-11-15T00:00:00Z,2715942,148545,79115,2488282,598977,386256,735954,4144,762951,Nov 2018,337789,0.240719098558765,0.29576792341061,0.135751896288282
2018-12-15T00:00:00Z,2999510,152744,87724,2759042,765580,459067,767892,4282,762221,Dec 2018,363806,0.277480371810215,0.278318343830938,0.13185953675225
2019-01-15T00:00:00Z,3424302,148790,113780,3161732,953787,554325,800585,4515,848519,Jan 2019,364787,0.301665985605358,0.253210898330409,0.115375686490822
2019-02-15T00:00:00Z,3019120,135307,100173,2783640,809132,472246,718873,4078,779310,Feb 2019,329954,0.290674081418574,0.258249270739032,0.118533287350376
2019-03-15T00:00:00Z,2927812,150489,96474,2680848,688517,424232,750058,4515,813526,Mar 2019,373539,0.256828063359057,0.279783859435522,0.139336135431774
2019-04-15T00:00:00Z,2212386,146340,71767,1994279,328581,246547,675101,4370,739680,Apr 2019,338213,0.164761801132138,0.338518833122146,0.169591616819913
2019-05-15T00:00:00Z,2133985,152372,68834,1912779,212408,184887,674882,4515,836087,May 2019,368568,0.11104680676649,0.352828005744521,0.192687184457797
2019-06-15T00:00:00Z,2119341,147863,68482,1902995,129214,144653,634196,4370,990562,Jun 2019,360226,0.0679003360492277,0.333262042201898,0.189294244073158
2019-07-15T00:00:00Z,2393904,153635,77819,2162450,111761,141950,649556,4515,1254667,Jul 2019,393400,0.0516825822562371,0.300379661957502,0.181923281463155
2019-08-15T00:00:00Z,2433924,157370,79079,2197474,101894,140788,672373,4515,1277904,Aug 2019,384983,0.0463686942371104,0.305975406307424,0.175193426634399
2019-09-15T00:00:00Z,2206252,152877,71327,1982049,109841,143158,643905,4370,1080775,Sep 2019,394511,0.055417903391894,0.324868355928638,0.199042001484323
2019-10-15T00:00:00Z,2306544,159359,74586,2072599,231696,216141,683580,4515,936668,Oct 2019,425775,0.111790076131466,0.329817779512583,0.20543047642115
2019-11-15T00:00:00Z,2783754,156747,91253,2535754,589075,388823,734619,4370,818868,Nov 2019,441944,0.232307629210089,0.289704364066861,0.174285045000422
2019-12-15T00:00:00Z,3170717,161790,104519,2904407,752613,456817,778934,4515,911529,Dec 2019,481757,0.259127939025075,0.268190374145221,0.165871036669448
2020-01-15T00:00:00Z,3299777,159233,110329,3030214,824836,490676,779219,4161,931322,Jan 2020,510444,0.272203877349917,0.25714982506186,0.168451469104162
2020-02-15T00:00:00Z,3041481,148786,101622,2791073,737107,447569,723736,3893,878768,Feb 2020,454245,0.264094489825239,0.259303859125146,0.162749236583923
2020-03-15T00:00:00Z,2707481,159336,89518,2458627,526809,339081,709668,4161,878908,Mar 2020,497437,0.214269590303857,0.28864402774394,0.202323085201619
2020-04-15T00:00:00Z,2240544,150144,73437,2016963,378049,238102,632860,4027,763925,Apr 2020,420767,0.187434771981439,0.313768770175754,0.208614139178557
2020-05-15T00:00:00Z,2067048,145916,67491,1853641,236578,162665,616282,4161,833954,May 2020,395472,0.127628812698899,0.332471066403905,0.213348755233619
2020-06-15T00:00:00Z,2130675,143222,69820,1917632,136117,131787,600130,4027,1045572,Jun 2020,338486,0.070981815071922,0.312953684544271,0.176512490404833
2020-07-15T00:00:00Z,2489307,150617,82160,2256531,118132,129086,633048,4161,1372103,Jul 2020,349167,0.0523511531638608,0.280540351539598,0.154736185764787
2020-08-15T00:00:00Z,2401321,150131,79086,2172105,108819,131179,648179,4161,1279767,Aug 2020,359159,0.050098406844973,0.298410528036168,0.165350662145707
2020-09-15T00:00:00Z,2171842,145444,71189,1955210,126524,143703,643206,4027,1037749,Sep 2020,395424,0.0647112074917784,0.328970289636407,0.202241191483268
2020-10-15T00:00:00Z,2320028,149146,76264,2094617,241924,208850,685673,4161,954009,Oct 2020,481621,0.115497964544353,0.327350059700652,0.229932727558308
2020-11-15T00:00:00Z,2434877,148782,80312,2205783,439827,293558,701137,4027,767235,Nov 2020,528210,0.199397220850827,0.317863089886902,0.239465985547989
2020-12-15T00:00:00Z,3167833,153975,105879,2907979,799589,453966,777587,4161,872676,Dec 2020,553176,0.274963815075693,0.267397735678284,0.190226958310222
2021-01-15T00:00:00Z,3292607,155054,108821,3028732,877190,491592,782845,4515,872591,Jan 2021,563515,0.289622852071428,0.258472852665736,0.186056409084726
2021-02-15T00:00:00Z,3041749,128935,100530,2812284,865553,491668,664078,4078,786907,Feb 2021,424004,0.307775814960367,0.236134757371588,0.15076855680294
2021-03-15T00:00:00Z,2611569,154128,86312,2371129,567757,354700,696093,4515,748064,Mar 2021,595411,0.239445850478823,0.293570278124893,0.251108649086574
2021-04-15T00:00:00Z,2238211,151338,73973,2012900,338422,244465,670099,4369,755545,Apr 2021,564418,0.168126583536192,0.332902280292116,0.280400417308361
2021-05-15T00:00:00Z,2092546,156044,69159,1867343,215526,181164,651486,4515,814652,May 2021,578132,0.115418538533092,0.348883949012045,0.309601396208409
2021-06-15T00:00:00Z,2214174,151351,73178,1989645,127979,141490,631324,4369,1084484,Jun 2021,539252,0.0643225298985497,0.317304845839333,0.27102925396239
2021-07-15T00:00:00Z,2387220,157076,78898,2151247,111676,141760,658612,4515,1234684,Jul 2021,566125,0.0519122164958278,0.306153593706348,0.263161319922817
2021-08-15T00:00:00Z,2409675,158170,79640,2171865,105451,140529,661498,4515,1259873,Aug 2021,563650,0.0485532019715774,0.30457602106945,0.259523497086605
2021-09-15T00:00:00Z,2110269,152187,69744,1888338,116084,149200,623899,4369,994786,Sep 2021,535660,0.0614741640532574,0.330395829560174,0.283667436655938
2021-10-15T00:00:00Z,2237774,160507,73958,2003309,190933,194691,669893,4515,943277,Oct 2021,545121,0.0953088115712553,0.334393246373874,0.272110293519372
